Month,Process Automated,Hours Saved per Week,Hourly Wage,Monthly Time Value,Investment Cost,Revenue Uplift %,Error Reduction %,Monthly Revenue Gain,Monthly Error Savings,Total Monthly Benefit,Net Monthly Benefit,ROI %
January,Email auto-responders,5,30,600,100,5,10,1250,200,2050,1950,1950%
February,Social media scheduling,3,30,360,100,5,10,1250,200,1810,1710,1710%
March,Invoice generation,4,30,480,150,5,10,1250,200,2080,1930,1287%
April,Data entry automation,6,30,720,200,5,10,1250,200,2320,2120,1060%
May,Report generation,2,30,240,50,5,10,1250,200,1840,1790,3580%
June,Customer support chatbot,4,30,480,150,5,10,1250,200,2080,1930,1287%
July,Lead scoring,3,30,360,100,5,10,1250,200,1810,1710,1710%
August,Expense tracking,2,30,240,50,5,10,1250,200,1840,1790,3580%
September,Meeting scheduling,1,30,120,30,5,10,1250,200,1720,1690,5633%
October,Document generation,3,30,360,100,5,10,1250,200,1810,1710,1710%
November,Inventory alerts,2,30,240,50,5,10,1250,200,1840,1790,3580%
December,Supplier communication,2,30,240,50,5,10,1250,200,1840,1790,3580%